{"info":[{"cpu":0,"vendorId":"GenuineIntel","family":"6","model":"158","stepping":10,"physicalId":"0","coreId":"0","cores":1,"modelName":"Intel(R) Core(TM) i5-9300H CPU @ 2.40GHz","mhz":2400.007,"cacheSize":8192,"flags":["fpu","vme","de","pse","tsc","msr","pae","mce","cx8","apic","sep","mtrr","pge","mca","cmov","pat","pse36","clflush","mmx","fxsr","sse","sse2","ss","ht","syscall","nx","pdpe1gb","rdtscp","lm","constant_tsc","arch_perfmon","nopl","xtopology","tsc_reliable","nonstop_tsc","cpuid","pni","pclmulqdq","ssse3","fma","cx16","pcid","sse4_1","sse4_2","x2apic","movbe","popcnt","tsc_deadline_timer","aes","xsave","avx","f16c","rdrand","hypervisor","lahf_lm","abm","3dnowprefetch","invpcid_single","pti","ssbd","ibrs","ibpb","stibp","fsgsbase","tsc_adjust","bmi1","avx2","smep","bmi2","invpcid","rdseed","adx","smap","clflushopt","xsaveopt","xsavec","xgetbv1","xsaves","arat","flush_l1d","arch_capabilities"],"microcode":"0xffffffff"},{"cpu":1,"vendorId":"GenuineIntel","family":"6","model":"158","stepping":10,"physicalId":"0","coreId":"1","cores":1,"modelName":"Intel(R) Core(TM) i5-9300H CPU @ 2.40GHz","mhz":2400.007,"cacheSize":8192,"flags":["fpu","vme","de","pse","tsc","msr","pae","mce","cx8","apic","sep","mtrr","pge","mca","cmov","pat","pse36","clflush","mmx","fxsr","sse","sse2","ss","ht","syscall","nx","pdpe1gb","rdtscp","lm","constant_tsc","arch_perfmon","nopl","xtopology","tsc_reliable","nonstop_tsc","cpuid","pni","pclmulqdq","ssse3","fma","cx16","pcid","sse4_1","sse4_2","x2apic","movbe","popcnt","tsc_deadline_timer","aes","xsave","avx","f16c","rdrand","hypervisor","lahf_lm","abm","3dnowprefetch","invpcid_single","pti","ssbd","ibrs","ibpb","stibp","fsgsbase","tsc_adjust","bmi1","avx2","smep","bmi2","invpcid","rdseed","adx","smap","clflushopt","xsaveopt","xsavec","xgetbv1","xsaves","arat","flush_l1d","arch_capabilities"],"microcode":"0xffffffff"}],"logical_count":2,"physical_count":2,"usage":[3.1914893617005196,2.173913043476112],"time":[{"cpu":"cpu0","user":149.73,"system":51.08,"idle":5661.23,"nice":41.18,"iowait":3.31,"irq":0,"softirq":1.72,"steal":0,"guest":0,"guestNice":0},{"cpu":"cpu1","user":79.82,"system":50.98,"idle":5683.04,"nice":75.23,"iowait":3.85,"irq":0,"softirq":2.12,"steal":0,"guest":0,"guestNice":0}]}