{"partitions":[{"device":"/dev/sda1","mountpoint":"/","fstype":"ext4","opts":"rw,relatime"},{"device":"/dev/sr0","mountpoint":"/media/shn/Ubuntu 16.04.7 LTS amd64","fstype":"iso9660","opts":"ro,nosuid,nodev,relatime"}],"usage":[{"path":"/dev/sda1","fstype":"tmpfs","total":2024894464,"free":2024894464,"used":0,"usedPercent":0,"inodesTotal":494359,"inodesUsed":442,"inodesFree":493917,"inodesUsedPercent":0.08940870905556488},{"path":"/dev/sr0","fstype":"tmpfs","total":2024894464,"free":2024894464,"used":0,"usedPercent":0,"inodesTotal":494359,"inodesUsed":442,"inodesFree":493917,"inodesUsedPercent":0.08940870905556488}],"serial_number":["","VMware_Virtual_SATA_CDRW_Drive_01000000000000000001"],"label":["",""],"io":[{"sda1":{"readCount":34560,"mergedReadCount":7542,"writeCount":6571,"mergedWriteCount":16749,"readBytes":1136059392,"writeBytes":452255744,"readTime":55232,"writeTime":55172,"iopsInProgress":0,"ioTime":28852,"weightedIO":110256,"name":"sda1","serialNumber":"","label":""}},{"sr0":{"readCount":27,"mergedReadCount":0,"writeCount":0,"mergedWriteCount":0,"readBytes":79872,"writeBytes":0,"readTime":20,"writeTime":0,"iopsInProgress":0,"ioTime":20,"weightedIO":20,"name":"sr0","serialNumber":"","label":""}}]}