{"swap_memory":{"total":1022357504,"used":0,"free":1022357504,"usedPercent":0,"sin":0,"sout":0,"pgin":4562128896,"pgout":1809678336,"pgfault":16031977472,"pgmajfault":19050496},"virtual_memory":{"total":4112293888,"available":2899406848,"used":917479424,"usedPercent":22.310648241296125,"free":1860423680,"active":1468293120,"inactive":412594176,"wired":0,"laundry":0,"buffers":108216320,"cached":1226174464,"writeback":0,"dirty":1212416,"writebacktmp":0,"shared":31436800,"slab":164454400,"sreclaimable":109350912,"sunreclaim":55103488,"pagetables":30740480,"swapcached":0,"commitlimit":3078504448,"committedas":3847659520,"hightotal":0,"highfree":0,"lowtotal":0,"lowfree":0,"swaptotal":1022357504,"swapfree":1022357504,"mapped":305782784,"vmalloctotal":35184372087808,"vmallocused":0,"vmallocchunk":0,"hugepagestotal":0,"hugepagesfree":0,"hugepagesize":2097152},"virtual_memory_ex":{"activefile":808955904,"inactivefile":384651264,"activeanon":659337216,"inactiveanon":27942912,"unevictable":32768}}