[{"pid":1,"name":"systemd","memory_use":{"rss":6062080,"vms":122724352,"shared":4075520,"text":1441792,"lib":0,"data":0,"dirty":18771968},"cpu_use":0.07740638917650403,"uids":[0,0,0,0]},{"pid":2,"name":"kthreadd","memory_use":{"rss":0,"vms":0,"shared":0,"text":0,"lib":0,"data":0,"dirty":0},"cpu_use":0.0005026387599707216,"uids":[0,0,0,0]},{"pid":4,"name":"kworker/0:0H","memory_use":{"rss":0,"vms":0,"shared":0,"text":0,"lib":0,"data":0,"dirty":0},"cpu_use":0,"uids":[0,0,0,0]},{"pid":6,"name":"mm_percpu_wq","memory_use":{"rss":0,"vms":0,"shared":0,"text":0,"lib":0,"data":0,"dirty":0},"cpu_use":0,"uids":[0,0,0,0]},{"pid":7,"name":"ksoftirqd/0","memory_use":{"rss":0,"vms":0,"shared":0,"text":0,"lib":0,"data":0,"dirty":0},"cpu_use":0.0033509222497092746,"uids":[0,0,0,0]},{"pid":8,"name":"rcu_sched","memory_use":{"rss":0,"vms":0,"shared":0,"text":0,"lib":0,"data":0,"dirty":0},"cpu_use":0.03635748372873787,"uids":[0,0,0,0]},{"pid":9,"name":"rcu_bh","memory_use":{"rss":0,"vms":0,"shared":0,"text":0,"lib":0,"data":0,"dirty":0},"cpu_use":0,"uids":[0,0,0,0]},{"pid":10,"name":"migration/0","memory_use":{"rss":0,"vms":0,"shared":0,"text":0,"lib":0,"data":0,"dirty":0},"cpu_use":0.0011728207905171257,"uids":[0,0,0,0]},{"pid":11,"name":"watchdog/0","memory_use":{"rss":0,"vms":0,"shared":0,"text":0,"lib":0,"data":0,"dirty":0},"cpu_use":0.0006701831993993681,"uids":[0,0,0,0]},{"pid":12,"name":"cpuhp/0","memory_use":{"rss":0,"vms":0,"shared":0,"text":0,"lib":0,"data":0,"dirty":0},"cpu_use":0,"uids":[0,0,0,0]},{"pid":13,"name":"cpuhp/1","memory_use":{"rss":0,"vms":0,"shared":0,"text":0,"lib":0,"data":0,"dirty":0},"cpu_use":0,"uids":[0,0,0,0]},{"pid":14,"name":"watchdog/1","memory_use":{"rss":0,"vms":0,"shared":0,"text":0,"lib":0,"data":0,"dirty":0},"cpu_use":0.0008377285762120304,"uids":[0,0,0,0]},{"pid":15,"name":"migration/1","memory_use":{"rss":0,"vms":0,"shared":0,"text":0,"lib":0,"data":0,"dirty":0},"cpu_use":0.0023456396054593208,"uids":[0,0,0,0]},{"pid":16,"name":"ksoftirqd/1","memory_use":{"rss":0,"vms":0,"shared":0,"text":0,"lib":0,"data":0,"dirty":0},"cpu_use":0.010052739501505632,"uids":[0,0,0,0]},{"pid":18,"name":"kworker/1:0H","memory_use":{"rss":0,"vms":0,"shared":0,"text":0,"lib":0,"data":0,"dirty":0},"cpu_use":0,"uids":[0,0,0,0]},{"pid":19,"name":"kdevtmpfs","memory_use":{"rss":0,"vms":0,"shared":0,"text":0,"lib":0,"data":0,"dirty":0},"cpu_use":0.0003350912006863526,"uids":[0,0,0,0]},{"pid":20,"name":"netns","memory_use":{"rss":0,"vms":0,"shared":0,"text":0,"lib":0,"data":0,"dirty":0},"cpu_use":0,"uids":[0,0,0,0]},{"pid":21,"name":"rcu_tasks_kthre","memory_use":{"rss":0,"vms":0,"shared":0,"text":0,"lib":0,"data":0,"dirty":0},"cpu_use":0,"uids":[0,0,0,0]},{"pid":22,"name":"kauditd","memory_use":{"rss":0,"vms":0,"shared":0,"text":0,"lib":0,"data":0,"dirty":0},"cpu_use":0,"uids":[0,0,0,0]},{"pid":25,"name":"khungtaskd","memory_use":{"rss":0,"vms":0,"shared":0,"text":0,"lib":0,"data":0,"dirty":0},"cpu_use":0.0003350908781403688,"uids":[0,0,0,0]},{"pid":26,"name":"oom_reaper","memory_use":{"rss":0,"vms":0,"shared":0,"text":0,"lib":0,"data":0,"dirty":0},"cpu_use":0,"uids":[0,0,0,0]},{"pid":27,"name":"writeback","memory_use":{"rss":0,"vms":0,"shared":0,"text":0,"lib":0,"data":0,"dirty":0},"cpu_use":0,"uids":[0,0,0,0]},{"pid":28,"name":"kcompactd0","memory_use":{"rss":0,"vms":0,"shared":0,"text":0,"lib":0,"data":0,"dirty":0},"cpu_use":0,"uids":[0,0,0,0]},{"pid":29,"name":"ksmd","memory_use":{"rss":0,"vms":0,"shared":0,"text":0,"lib":0,"data":0,"dirty":0},"cpu_use":0,"uids":[0,0,0,0]},{"pid":30,"name":"khugepaged","memory_use":{"rss":0,"vms":0,"shared":0,"text":0,"lib":0,"data":0,"dirty":0},"cpu_use":0,"uids":[0,0,0,0]},{"pid":31,"name":"crypto","memory_use":{"rss":0,"vms":0,"shared":0,"text":0,"lib":0,"data":0,"dirty":0},"cpu_use":0,"uids":[0,0,0,0]},{"pid":32,"name":"kintegrityd","memory_use":{"rss":0,"vms":0,"shared":0,"text":0,"lib":0,"data":0,"dirty":0},"cpu_use":0,"uids":[0,0,0,0]},{"pid":33,"name":"kblockd","memory_use":{"rss":0,"vms":0,"shared":0,"text":0,"lib":0,"data":0,"dirty":0},"cpu_use":0,"uids":[0,0,0,0]},{"pid":34,"name":"ata_sff","memory_use":{"rss":0,"vms":0,"shared":0,"text":0,"lib":0,"data":0,"dirty":0},"cpu_use":0,"uids":[0,0,0,0]},{"pid":35,"name":"md","memory_use":{"rss":0,"vms":0,"shared":0,"text":0,"lib":0,"data":0,"dirty":0},"cpu_use":0,"uids":[0,0,0,0]},{"pid":36,"name":"edac-poller","memory_use":{"rss":0,"vms":0,"shared":0,"text":0,"lib":0,"data":0,"dirty":0},"cpu_use":0,"uids":[0,0,0,0]},{"pid":37,"name":"devfreq_wq","memory_use":{"rss":0,"vms":0,"shared":0,"text":0,"lib":0,"data":0,"dirty":0},"cpu_use":0,"uids":[0,0,0,0]},{"pid":38,"name":"watchdogd","memory_use":{"rss":0,"vms":0,"shared":0,"text":0,"lib":0,"data":0,"dirty":0},"cpu_use":0,"uids":[0,0,0,0]},{"pid":41,"name":"kswapd0","memory_use":{"rss":0,"vms":0,"shared":0,"text":0,"lib":0,"data":0,"dirty":0},"cpu_use":0,"uids":[0,0,0,0]},{"pid":42,"name":"kworker/u257:0","memory_use":{"rss":0,"vms":0,"shared":0,"text":0,"lib":0,"data":0,"dirty":0},"cpu_use":0,"uids":[0,0,0,0]},{"pid":43,"name":"ecryptfs-kthrea","memory_use":{"rss":0,"vms":0,"shared":0,"text":0,"lib":0,"data":0,"dirty":0},"cpu_use":0,"uids":[0,0,0,0]},{"pid":85,"name":"kthrotld","memory_use":{"rss":0,"vms":0,"shared":0,"text":0,"lib":0,"data":0,"dirty":0},"cpu_use":0,"uids":[0,0,0,0]},{"pid":86,"name":"acpi_thermal_pm","memory_use":{"rss":0,"vms":0,"shared":0,"text":0,"lib":0,"data":0,"dirty":0},"cpu_use":0,"uids":[0,0,0,0]},{"pid":87,"name":"scsi_eh_0","memory_use":{"rss":0,"vms":0,"shared":0,"text":0,"lib":0,"data":0,"dirty":0},"cpu_use":0.00016757238110422926,"uids":[0,0,0,0]},{"pid":88,"name":"scsi_tmf_0","memory_use":{"rss":0,"vms":0,"shared":0,"text":0,"lib":0,"data":0,"dirty":0},"cpu_use":0,"uids":[0,0,0,0]},{"pid":89,"name":"scsi_eh_1","memory_use":{"rss":0,"vms":0,"shared":0,"text":0,"lib":0,"data":0,"dirty":0},"cpu_use":0.0005027170046348598,"uids":[0,0,0,0]},{"pid":90,"name":"scsi_tmf_1","memory_use":{"rss":0,"vms":0,"shared":0,"text":0,"lib":0,"data":0,"dirty":0},"cpu_use":0,"uids":[0,0,0,0]},{"pid":96,"name":"ipv6_addrconf","memory_use":{"rss":0,"vms":0,"shared":0,"text":0,"lib":0,"data":0,"dirty":0},"cpu_use":0,"uids":[0,0,0,0]},{"pid":105,"name":"kstrp","memory_use":{"rss":0,"vms":0,"shared":0,"text":0,"lib":0,"data":0,"dirty":0},"cpu_use":0,"uids":[0,0,0,0]},{"pid":122,"name":"charger_manager","memory_use":{"rss":0,"vms":0,"shared":0,"text":0,"lib":0,"data":0,"dirty":0},"cpu_use":0,"uids":[0,0,0,0]},{"pid":164,"name":"mpt_poll_0","memory_use":{"rss":0,"vms":0,"shared":0,"text":0,"lib":0,"data":0,"dirty":0},"cpu_use":0,"uids":[0,0,0,0]},{"pid":165,"name":"mpt/0","memory_use":{"rss":0,"vms":0,"shared":0,"text":0,"lib":0,"data":0,"dirty":0},"cpu_use":0,"uids":[0,0,0,0]},{"pid":166,"name":"scsi_eh_2","memory_use":{"rss":0,"vms":0,"shared":0,"text":0,"lib":0,"data":0,"dirty":0},"cpu_use":0,"uids":[0,0,0,0]},{"pid":167,"name":"scsi_tmf_2","memory_use":{"rss":0,"vms":0,"shared":0,"text":0,"lib":0,"data":0,"dirty":0},"cpu_use":0,"uids":[0,0,0,0]},{"pid":168,"name":"scsi_eh_3","memory_use":{"rss":0,"vms":0,"shared":0,"text":0,"lib":0,"data":0,"dirty":0},"cpu_use":0,"uids":[0,0,0,0]},{"pid":169,"name":"scsi_tmf_3","memory_use":{"rss":0,"vms":0,"shared":0,"text":0,"lib":0,"data":0,"dirty":0},"cpu_use":0,"uids":[0,0,0,0]},{"pid":170,"name":"scsi_eh_4","memory_use":{"rss":0,"vms":0,"shared":0,"text":0,"lib":0,"data":0,"dirty":0},"cpu_use":0,"uids":[0,0,0,0]},{"pid":171,"name":"scsi_tmf_4","memory_use":{"rss":0,"vms":0,"shared":0,"text":0,"lib":0,"data":0,"dirty":0},"cpu_use":0,"uids":[0,0,0,0]},{"pid":172,"name":"scsi_eh_5","memory_use":{"rss":0,"vms":0,"shared":0,"text":0,"lib":0,"data":0,"dirty":0},"cpu_use":0,"uids":[0,0,0,0]},{"pid":173,"name":"scsi_tmf_5","memory_use":{"rss":0,"vms":0,"shared":0,"text":0,"lib":0,"data":0,"dirty":0},"cpu_use":0,"uids":[0,0,0,0]},{"pid":174,"name":"scsi_eh_6","memory_use":{"rss":0,"vms":0,"shared":0,"text":0,"lib":0,"data":0,"dirty":0},"cpu_use":0,"uids":[0,0,0,0]},{"pid":175,"name":"scsi_tmf_6","memory_use":{"rss":0,"vms":0,"shared":0,"text":0,"lib":0,"data":0,"dirty":0},"cpu_use":0,"uids":[0,0,0,0]},{"pid":176,"name":"scsi_eh_7","memory_use":{"rss":0,"vms":0,"shared":0,"text":0,"lib":0,"data":0,"dirty":0},"cpu_use":0,"uids":[0,0,0,0]},{"pid":177,"name":"scsi_tmf_7","memory_use":{"rss":0,"vms":0,"shared":0,"text":0,"lib":0,"data":0,"dirty":0},"cpu_use":0,"uids":[0,0,0,0]},{"pid":178,"name":"scsi_eh_8","memory_use":{"rss":0,"vms":0,"shared":0,"text":0,"lib":0,"data":0,"dirty":0},"cpu_use":0,"uids":[0,0,0,0]},{"pid":179,"name":"scsi_tmf_8","memory_use":{"rss":0,"vms":0,"shared":0,"text":0,"lib":0,"data":0,"dirty":0},"cpu_use":0,"uids":[0,0,0,0]},{"pid":180,"name":"scsi_eh_9","memory_use":{"rss":0,"vms":0,"shared":0,"text":0,"lib":0,"data":0,"dirty":0},"cpu_use":0,"uids":[0,0,0,0]},{"pid":181,"name":"scsi_tmf_9","memory_use":{"rss":0,"vms":0,"shared":0,"text":0,"lib":0,"data":0,"dirty":0},"cpu_use":0,"uids":[0,0,0,0]},{"pid":182,"name":"scsi_eh_10","memory_use":{"rss":0,"vms":0,"shared":0,"text":0,"lib":0,"data":0,"dirty":0},"cpu_use":0,"uids":[0,0,0,0]},{"pid":183,"name":"scsi_tmf_10","memory_use":{"rss":0,"vms":0,"shared":0,"text":0,"lib":0,"data":0,"dirty":0},"cpu_use":0,"uids":[0,0,0,0]},{"pid":184,"name":"scsi_eh_11","memory_use":{"rss":0,"vms":0,"shared":0,"text":0,"lib":0,"data":0,"dirty":0},"cpu_use":0,"uids":[0,0,0,0]},{"pid":185,"name":"scsi_tmf_11","memory_use":{"rss":0,"vms":0,"shared":0,"text":0,"lib":0,"data":0,"dirty":0},"cpu_use":0,"uids":[0,0,0,0]},{"pid":186,"name":"scsi_eh_12","memory_use":{"rss":0,"vms":0,"shared":0,"text":0,"lib":0,"data":0,"dirty":0},"cpu_use":0,"uids":[0,0,0,0]},{"pid":187,"name":"scsi_tmf_12","memory_use":{"rss":0,"vms":0,"shared":0,"text":0,"lib":0,"data":0,"dirty":0},"cpu_use":0,"uids":[0,0,0,0]},{"pid":188,"name":"scsi_eh_13","memory_use":{"rss":0,"vms":0,"shared":0,"text":0,"lib":0,"data":0,"dirty":0},"cpu_use":0,"uids":[0,0,0,0]},{"pid":189,"name":"scsi_tmf_13","memory_use":{"rss":0,"vms":0,"shared":0,"text":0,"lib":0,"data":0,"dirty":0},"cpu_use":0,"uids":[0,0,0,0]},{"pid":190,"name":"scsi_eh_14","memory_use":{"rss":0,"vms":0,"shared":0,"text":0,"lib":0,"data":0,"dirty":0},"cpu_use":0,"uids":[0,0,0,0]},{"pid":191,"name":"scsi_tmf_14","memory_use":{"rss":0,"vms":0,"shared":0,"text":0,"lib":0,"data":0,"dirty":0},"cpu_use":0,"uids":[0,0,0,0]},{"pid":192,"name":"scsi_eh_15","memory_use":{"rss":0,"vms":0,"shared":0,"text":0,"lib":0,"data":0,"dirty":0},"cpu_use":0,"uids":[0,0,0,0]},{"pid":193,"name":"scsi_tmf_15","memory_use":{"rss":0,"vms":0,"shared":0,"text":0,"lib":0,"data":0,"dirty":0},"cpu_use":0,"uids":[0,0,0,0]},{"pid":194,"name":"scsi_eh_16","memory_use":{"rss":0,"vms":0,"shared":0,"text":0,"lib":0,"data":0,"dirty":0},"cpu_use":0,"uids":[0,0,0,0]},{"pid":195,"name":"scsi_tmf_16","memory_use":{"rss":0,"vms":0,"shared":0,"text":0,"lib":0,"data":0,"dirty":0},"cpu_use":0,"uids":[0,0,0,0]},{"pid":196,"name":"scsi_eh_17","memory_use":{"rss":0,"vms":0,"shared":0,"text":0,"lib":0,"data":0,"dirty":0},"cpu_use":0,"uids":[0,0,0,0]},{"pid":197,"name":"scsi_tmf_17","memory_use":{"rss":0,"vms":0,"shared":0,"text":0,"lib":0,"data":0,"dirty":0},"cpu_use":0,"uids":[0,0,0,0]},{"pid":198,"name":"scsi_eh_18","memory_use":{"rss":0,"vms":0,"shared":0,"text":0,"lib":0,"data":0,"dirty":0},"cpu_use":0,"uids":[0,0,0,0]},{"pid":199,"name":"scsi_tmf_18","memory_use":{"rss":0,"vms":0,"shared":0,"text":0,"lib":0,"data":0,"dirty":0},"cpu_use":0,"uids":[0,0,0,0]},{"pid":200,"name":"scsi_eh_19","memory_use":{"rss":0,"vms":0,"shared":0,"text":0,"lib":0,"data":0,"dirty":0},"cpu_use":0,"uids":[0,0,0,0]},{"pid":201,"name":"scsi_tmf_19","memory_use":{"rss":0,"vms":0,"shared":0,"text":0,"lib":0,"data":0,"dirty":0},"cpu_use":0,"uids":[0,0,0,0]},{"pid":202,"name":"scsi_eh_20","memory_use":{"rss":0,"vms":0,"shared":0,"text":0,"lib":0,"data":0,"dirty":0},"cpu_use":0,"uids":[0,0,0,0]},{"pid":203,"name":"scsi_tmf_20","memory_use":{"rss":0,"vms":0,"shared":0,"text":0,"lib":0,"data":0,"dirty":0},"cpu_use":0,"uids":[0,0,0,0]},{"pid":204,"name":"scsi_eh_21","memory_use":{"rss":0,"vms":0,"shared":0,"text":0,"lib":0,"data":0,"dirty":0},"cpu_use":0,"uids":[0,0,0,0]},{"pid":205,"name":"scsi_tmf_21","memory_use":{"rss":0,"vms":0,"shared":0,"text":0,"lib":0,"data":0,"dirty":0},"cpu_use":0,"uids":[0,0,0,0]},{"pid":206,"name":"scsi_eh_22","memory_use":{"rss":0,"vms":0,"shared":0,"text":0,"lib":0,"data":0,"dirty":0},"cpu_use":0,"uids":[0,0,0,0]},{"pid":207,"name":"scsi_tmf_22","memory_use":{"rss":0,"vms":0,"shared":0,"text":0,"lib":0,"data":0,"dirty":0},"cpu_use":0,"uids":[0,0,0,0]},{"pid":208,"name":"scsi_eh_23","memory_use":{"rss":0,"vms":0,"shared":0,"text":0,"lib":0,"data":0,"dirty":0},"cpu_use":0,"uids":[0,0,0,0]},{"pid":209,"name":"scsi_tmf_23","memory_use":{"rss":0,"vms":0,"shared":0,"text":0,"lib":0,"data":0,"dirty":0},"cpu_use":0,"uids":[0,0,0,0]},{"pid":210,"name":"scsi_eh_24","memory_use":{"rss":0,"vms":0,"shared":0,"text":0,"lib":0,"data":0,"dirty":0},"cpu_use":0,"uids":[0,0,0,0]},{"pid":211,"name":"scsi_tmf_24","memory_use":{"rss":0,"vms":0,"shared":0,"text":0,"lib":0,"data":0,"dirty":0},"cpu_use":0,"uids":[0,0,0,0]},{"pid":212,"name":"scsi_eh_25","memory_use":{"rss":0,"vms":0,"shared":0,"text":0,"lib":0,"data":0,"dirty":0},"cpu_use":0,"uids":[0,0,0,0]},{"pid":213,"name":"scsi_tmf_25","memory_use":{"rss":0,"vms":0,"shared":0,"text":0,"lib":0,"data":0,"dirty":0},"cpu_use":0,"uids":[0,0,0,0]},{"pid":214,"name":"scsi_eh_26","memory_use":{"rss":0,"vms":0,"shared":0,"text":0,"lib":0,"data":0,"dirty":0},"cpu_use":0,"uids":[0,0,0,0]},{"pid":215,"name":"scsi_tmf_26","memory_use":{"rss":0,"vms":0,"shared":0,"text":0,"lib":0,"data":0,"dirty":0},"cpu_use":0,"uids":[0,0,0,0]},{"pid":216,"name":"scsi_eh_27","memory_use":{"rss":0,"vms":0,"shared":0,"text":0,"lib":0,"data":0,"dirty":0},"cpu_use":0,"uids":[0,0,0,0]},{"pid":217,"name":"scsi_tmf_27","memory_use":{"rss":0,"vms":0,"shared":0,"text":0,"lib":0,"data":0,"dirty":0},"cpu_use":0,"uids":[0,0,0,0]},{"pid":218,"name":"scsi_eh_28","memory_use":{"rss":0,"vms":0,"shared":0,"text":0,"lib":0,"data":0,"dirty":0},"cpu_use":0,"uids":[0,0,0,0]},{"pid":219,"name":"scsi_tmf_28","memory_use":{"rss":0,"vms":0,"shared":0,"text":0,"lib":0,"data":0,"dirty":0},"cpu_use":0,"uids":[0,0,0,0]},{"pid":220,"name":"scsi_eh_29","memory_use":{"rss":0,"vms":0,"shared":0,"text":0,"lib":0,"data":0,"dirty":0},"cpu_use":0,"uids":[0,0,0,0]},{"pid":221,"name":"scsi_tmf_29","memory_use":{"rss":0,"vms":0,"shared":0,"text":0,"lib":0,"data":0,"dirty":0},"cpu_use":0,"uids":[0,0,0,0]},{"pid":222,"name":"scsi_eh_30","memory_use":{"rss":0,"vms":0,"shared":0,"text":0,"lib":0,"data":0,"dirty":0},"cpu_use":0,"uids":[0,0,0,0]},{"pid":223,"name":"scsi_tmf_30","memory_use":{"rss":0,"vms":0,"shared":0,"text":0,"lib":0,"data":0,"dirty":0},"cpu_use":0,"uids":[0,0,0,0]},{"pid":224,"name":"scsi_eh_31","memory_use":{"rss":0,"vms":0,"shared":0,"text":0,"lib":0,"data":0,"dirty":0},"cpu_use":0,"uids":[0,0,0,0]},{"pid":225,"name":"scsi_tmf_31","memory_use":{"rss":0,"vms":0,"shared":0,"text":0,"lib":0,"data":0,"dirty":0},"cpu_use":0,"uids":[0,0,0,0]},{"pid":252,"name":"scsi_eh_32","memory_use":{"rss":0,"vms":0,"shared":0,"text":0,"lib":0,"data":0,"dirty":0},"cpu_use":0,"uids":[0,0,0,0]},{"pid":253,"name":"scsi_tmf_32","memory_use":{"rss":0,"vms":0,"shared":0,"text":0,"lib":0,"data":0,"dirty":0},"cpu_use":0,"uids":[0,0,0,0]},{"pid":256,"name":"ttm_swap","memory_use":{"rss":0,"vms":0,"shared":0,"text":0,"lib":0,"data":0,"dirty":0},"cpu_use":0,"uids":[0,0,0,0]},{"pid":257,"name":"irq/16-vmwgfx","memory_use":{"rss":0,"vms":0,"shared":0,"text":0,"lib":0,"data":0,"dirty":0},"cpu_use":0.0003352487970173814,"uids":[0,0,0,0]},{"pid":259,"name":"kworker/0:1H","memory_use":{"rss":0,"vms":0,"shared":0,"text":0,"lib":0,"data":0,"dirty":0},"cpu_use":0.00251436558524439,"uids":[0,0,0,0]},{"pid":281,"name":"jbd2/sda1-8","memory_use":{"rss":0,"vms":0,"shared":0,"text":0,"lib":0,"data":0,"dirty":0},"cpu_use":0.0276580172034993,"uids":[0,0,0,0]},{"pid":282,"name":"ext4-rsv-conver","memory_use":{"rss":0,"vms":0,"shared":0,"text":0,"lib":0,"data":0,"dirty":0},"cpu_use":0,"uids":[0,0,0,0]},{"pid":309,"name":"kworker/1:1H","memory_use":{"rss":0,"vms":0,"shared":0,"text":0,"lib":0,"data":0,"dirty":0},"cpu_use":0.009386957999086015,"uids":[0,0,0,0]},{"pid":316,"name":"systemd-journald","memory_use":{"rss":2928640,"vms":32997376,"shared":2490368,"text":315392,"lib":0,"data":0,"dirty":561152},"cpu_use":0.009722203823131681,"uids":[0,0,0,0]},{"pid":352,"name":"systemd-udevd","memory_use":{"rss":4386816,"vms":46460928,"shared":3121152,"text":413696,"lib":0,"data":0,"dirty":1318912},"cpu_use":0.007040214844524553,"uids":[0,0,0,0]},{"pid":404,"name":"systemd-timesyncd","memory_use":{"rss":2580480,"vms":104841216,"shared":2363392,"text":135168,"lib":0,"data":0,"dirty":8953856},"cpu_use":0.001005913272960209,"uids":[100,100,100,100]},{"pid":564,"name":"kworker/u257:2","memory_use":{"rss":0,"vms":0,"shared":0,"text":0,"lib":0,"data":0,"dirty":0},"cpu_use":0,"uids":[0,0,0,0]},{"pid":799,"name":"rsyslogd","memory_use":{"rss":3244032,"vms":262545408,"shared":2748416,"text":561152,"lib":0,"data":0,"dirty":27037696},"cpu_use":0.00201216228008667,"uids":[104,104,104,104]},{"pid":803,"name":"cron","memory_use":{"rss":3063808,"vms":31485952,"shared":2789376,"text":40960,"lib":0,"data":0,"dirty":475136},"cpu_use":0.0023475223601933173,"uids":[0,0,0,0]},{"pid":804,"name":"dbus-daemon","memory_use":{"rss":5419008,"vms":45420544,"shared":3637248,"text":217088,"lib":0,"data":0,"dirty":2183168},"cpu_use":0.1433665196848403,"uids":[106,106,106,106]},{"pid":811,"name":"firewalld","memory_use":{"rss":31899648,"vms":206114816,"shared":14426112,"text":3833856,"lib":0,"data":0,"dirty":26406912},"cpu_use":0.04208770828931747,"uids":[0,0,0,0]},{"pid":813,"name":"runsvdir","memory_use":{"rss":667648,"vms":4497408,"shared":602112,"text":20480,"lib":0,"data":0,"dirty":344064},"cpu_use":0.001844480956252294,"uids":[0,0,0,0]},{"pid":823,"name":"bluetoothd","memory_use":{"rss":4689920,"vms":32829440,"shared":4259840,"text":1097728,"lib":0,"data":0,"dirty":593920},"cpu_use":0.0008384003233187883,"uids":[0,0,0,0]},{"pid":847,"name":"acpid","memory_use":{"rss":1343488,"vms":4501504,"shared":1257472,"text":45056,"lib":0,"data":0,"dirty":323584},"cpu_use":0.006204161457943882,"uids":[0,0,0,0]},{"pid":848,"name":"avahi-daemon","memory_use":{"rss":3231744,"vms":45858816,"shared":2899968,"text":122880,"lib":0,"data":0,"dirty":516096},"cpu_use":0.0155942416435573,"uids":[111,111,111,111]},{"pid":849,"name":"accounts-daemon","memory_use":{"rss":8785920,"vms":300417024,"shared":7790592,"text":147456,"lib":0,"data":0,"dirty":26570752},"cpu_use":0.008216319673693299,"uids":[0,0,0,0]},{"pid":859,"name":"avahi-daemon","memory_use":{"rss":344064,"vms":45858816,"shared":12288,"text":122880,"lib":0,"data":0,"dirty":516096},"cpu_use":0,"uids":[111,111,111,111]},{"pid":864,"name":"systemd-logind","memory_use":{"rss":3268608,"vms":29343744,"shared":2867200,"text":593920,"lib":0,"data":0,"dirty":548864},"cpu_use":0.0025151990787578163,"uids":[0,0,0,0]},{"pid":909,"name":"lightdm","memory_use":{"rss":8155136,"vms":299180032,"shared":7163904,"text":249856,"lib":0,"data":0,"dirty":26513408},"cpu_use":0.0031864525881647203,"uids":[0,0,0,0]},{"pid":932,"name":"polkitd","memory_use":{"rss":11313152,"vms":306606080,"shared":8433664,"text":12288,"lib":0,"data":0,"dirty":28409856},"cpu_use":0.05198948241365016,"uids":[0,0,0,0]},{"pid":937,"name":"irqbalance","memory_use":{"rss":2146304,"vms":20054016,"shared":1818624,"text":45056,"lib":0,"data":0,"dirty":491520},"cpu_use":0.0041926995748252155,"uids":[0,0,0,0]},{"pid":987,"name":"Xorg","memory_use":{"rss":82292736,"vms":469389312,"shared":50581504,"text":2359296,"lib":0,"data":0,"dirty":39546880},"cpu_use":0.7142682056653934,"uids":[0,0,0,0]},{"pid":1132,"name":"lightdm","memory_use":{"rss":6471680,"vms":233717760,"shared":5730304,"text":249856,"lib":0,"data":0,"dirty":18071552},"cpu_use":0.00016773607025149294,"uids":[0,0,0,0]},{"pid":1139,"name":"systemd","memory_use":{"rss":4575232,"vms":46407680,"shared":3829760,"text":1441792,"lib":0,"data":0,"dirty":802816},"cpu_use":0.0006709441912993336,"uids":[1000,1000,1000,1000]},{"pid":1141,"name":"(sd-pam)","memory_use":{"rss":2072576,"vms":64987136,"shared":0,"text":1441792,"lib":0,"data":0,"dirty":2150400},"cpu_use":0,"uids":[1000,1000,1000,1000]},{"pid":1144,"name":"vmhgfs-fuse","memory_use":{"rss":786432,"vms":209264640,"shared":57344,"text":700416,"lib":0,"data":0,"dirty":26644480},"cpu_use":0.00016773595541456064,"uids":[0,0,0,0]},{"pid":1168,"name":"upstart","memory_use":{"rss":4976640,"vms":49549312,"shared":3788800,"text":290816,"lib":0,"data":0,"dirty":1310720},"cpu_use":0.00956094790287271,"uids":[1000,1000,1000,1000]},{"pid":1188,"name":"vmware-vmblock-fuse","memory_use":{"rss":634880,"vms":197505024,"shared":36864,"text":700416,"lib":0,"data":0,"dirty":18092032},"cpu_use":0,"uids":[0,0,0,0]},{"pid":1219,"name":"vmtoolsd","memory_use":{"rss":13668352,"vms":190742528,"shared":11173888,"text":700416,"lib":0,"data":0,"dirty":11325440},"cpu_use":0.15733619533573248,"uids":[0,0,0,0]},{"pid":1277,"name":"VGAuthService","memory_use":{"rss":11472896,"vms":68116480,"shared":9842688,"text":700416,"lib":0,"data":0,"dirty":1626112},"cpu_use":0.001509622093077637,"uids":[0,0,0,0]},{"pid":1331,"name":"NetworkManager","memory_use":{"rss":17620992,"vms":393560064,"shared":14786560,"text":2875392,"lib":0,"data":0,"dirty":27873280},"cpu_use":0.014763217779532715,"uids":[0,0,0,0]},{"pid":1349,"name":"/usr/bin/python3","memory_use":{"rss":20164608,"vms":180621312,"shared":11898880,"text":3833856,"lib":0,"data":0,"dirty":17584128},"cpu_use":0.0031875117770241907,"uids":[0,0,0,0]},{"pid":1350,"name":"vnstatd","memory_use":{"rss":1019904,"vms":7716864,"shared":937984,"text":73728,"lib":0,"data":0,"dirty":331776},"cpu_use":0.004529620509594177,"uids":[121,121,121,121]},{"pid":1403,"name":"upstart-udev-bridge","memory_use":{"rss":286720,"vms":35500032,"shared":12288,"text":81920,"lib":0,"data":0,"dirty":458752},"cpu_use":0.0003355273758801376,"uids":[1000,1000,1000,1000]},{"pid":1414,"name":"dbus-daemon","memory_use":{"rss":4182016,"vms":44802048,"shared":2781184,"text":217088,"lib":0,"data":0,"dirty":1564672},"cpu_use":0.03221062084724225,"uids":[1000,1000,1000,1000]},{"pid":1427,"name":"window-stack-bridge","memory_use":{"rss":8994816,"vms":90198016,"shared":8364032,"text":225280,"lib":0,"data":0,"dirty":716800},"cpu_use":0.004026326386819566,"uids":[1000,1000,1000,1000]},{"pid":1454,"name":"upstart-dbus-bridge","memory_use":{"rss":319488,"vms":35401728,"shared":12288,"text":143360,"lib":0,"data":0,"dirty":450560},"cpu_use":0.010569100431696997,"uids":[1000,1000,1000,1000]},{"pid":1461,"name":"upstart-file-bridge","memory_use":{"rss":2002944,"vms":44232704,"shared":1597440,"text":151552,"lib":0,"data":0,"dirty":507904},"cpu_use":0.00016776342002685374,"uids":[1000,1000,1000,1000]},{"pid":1464,"name":"upstart-dbus-bridge","memory_use":{"rss":327680,"vms":35401728,"shared":12288,"text":143360,"lib":0,"data":0,"dirty":450560},"cpu_use":0.005200663998603443,"uids":[1000,1000,1000,1000]},{"pid":1472,"name":"gnome-keyring-daemon","memory_use":{"rss":7032832,"vms":212209664,"shared":6283264,"text":950272,"lib":0,"data":0,"dirty":26263552},"cpu_use":0.00318750307837069,"uids":[1000,1000,1000,1000]},{"pid":1481,"name":"bamfdaemon","memory_use":{"rss":54177792,"vms":674795520,"shared":43311104,"text":299008,"lib":0,"data":0,"dirty":42577920},"cpu_use":0.04412173983978858,"uids":[1000,1000,1000,1000]},{"pid":1507,"name":"fcitx","memory_use":{"rss":42078208,"vms":425889792,"shared":24678400,"text":8192,"lib":0,"data":0,"dirty":26161152},"cpu_use":0.020806132152571127,"uids":[1000,1000,1000,1000]},{"pid":1541,"name":"dbus-daemon","memory_use":{"rss":3252224,"vms":43925504,"shared":2908160,"text":217088,"lib":0,"data":0,"dirty":688128},"cpu_use":0.010403064619806595,"uids":[1000,1000,1000,1000]},{"pid":1545,"name":"fcitx-dbus-watcher","memory_use":{"rss":241664,"vms":28299264,"shared":12288,"text":8192,"lib":0,"data":0,"dirty":446464},"cpu_use":0,"uids":[1000,1000,1000,1000]},{"pid":1560,"name":"notify-osd","memory_use":{"rss":46546944,"vms":546152448,"shared":38977536,"text":204800,"lib":0,"data":0,"dirty":32489472},"cpu_use":0.023658566702798534,"uids":[1000,1000,1000,1000]},{"pid":1567,"name":"gvfsd","memory_use":{"rss":6701056,"vms":283058176,"shared":5947392,"text":28672,"lib":0,"data":0,"dirty":26341376},"cpu_use":0.0016779123099517836,"uids":[1000,1000,1000,1000]},{"pid":1577,"name":"gvfsd-fuse","memory_use":{"rss":7094272,"vms":430043136,"shared":6324224,"text":32768,"lib":0,"data":0,"dirty":43749376},"cpu_use":0.0011745384640743052,"uids":[1000,1000,1000,1000]},{"pid":1590,"name":"at-spi-bus-launcher","memory_use":{"rss":7892992,"vms":362233856,"shared":7208960,"text":16384,"lib":0,"data":0,"dirty":34971648},"cpu_use":0.0006711647379517495,"uids":[1000,1000,1000,1000]},{"pid":1605,"name":"dbus-daemon","memory_use":{"rss":4231168,"vms":44052480,"shared":3641344,"text":217088,"lib":0,"data":0,"dirty":815104},"cpu_use":0.0010067469350319898,"uids":[1000,1000,1000,1000]},{"pid":1611,"name":"at-spi2-registryd","memory_use":{"rss":5390336,"vms":211935232,"shared":4894720,"text":81920,"lib":0,"data":0,"dirty":17850368},"cpu_use":0.004362569314683666,"uids":[1000,1000,1000,1000]},{"pid":1648,"name":"gpg-agent","memory_use":{"rss":733184,"vms":172462080,"shared":462848,"text":339968,"lib":0,"data":0,"dirty":17485824},"cpu_use":0.004699727431943599,"uids":[1000,1000,1000,1000]},{"pid":1664,"name":"dnsmasq","memory_use":{"rss":4161536,"vms":55918592,"shared":3768320,"text":356352,"lib":0,"data":0,"dirty":532480},"cpu_use":0.0018463210860513754,"uids":[65534,65534,65534,65534]},{"pid":1811,"name":"hud-service","memory_use":{"rss":45817856,"vms":614600704,"shared":37371904,"text":565248,"lib":0,"data":0,"dirty":41877504},"cpu_use":0.022831065003042817,"uids":[1000,1000,1000,1000]},{"pid":1813,"name":"unity-settings-daemon","memory_use":{"rss":34033664,"vms":952623104,"shared":26198016,"text":36864,"lib":0,"data":0,"dirty":58286080},"cpu_use":0.014437286608736331,"uids":[1000,1000,1000,1000]},{"pid":1825,"name":"gnome-session-binary","memory_use":{"rss":15818752,"vms":582692864,"shared":13561856,"text":274432,"lib":0,"data":0,"dirty":44470272},"cpu_use":0.013094280366056555,"uids":[1000,1000,1000,1000]},{"pid":1833,"name":"unity-panel-service","memory_use":{"rss":40079360,"vms":677834752,"shared":32169984,"text":73728,"lib":0,"data":0,"dirty":49917952},"cpu_use":0.1804659736901301,"uids":[1000,1000,1000,1000]},{"pid":1861,"name":"upowerd","memory_use":{"rss":9961472,"vms":357347328,"shared":8675328,"text":217088,"lib":0,"data":0,"dirty":35225600},"cpu_use":0.0031896305641457958,"uids":[0,0,0,0]},{"pid":1864,"name":"dconf-service","memory_use":{"rss":4968448,"vms":183058432,"shared":4313088,"text":73728,"lib":0,"data":0,"dirty":17862656},"cpu_use":0.006882885759866142,"uids":[1000,1000,1000,1000]},{"pid":1895,"name":"compiz","memory_use":{"rss":159129600,"vms":1365413888,"shared":85479424,"text":12288,"lib":0,"data":0,"dirty":146087936},"cpu_use":0.7012143898766492,"uids":[1000,1000,1000,1000]},{"pid":1902,"name":"indicator-messages-service","memory_use":{"rss":9760768,"vms":381018112,"shared":8716288,"text":102400,"lib":0,"data":0,"dirty":35315712},"cpu_use":0.00033575013450057393,"uids":[1000,1000,1000,1000]},{"pid":1903,"name":"indicator-bluetooth-service","memory_use":{"rss":7958528,"vms":435113984,"shared":7155712,"text":86016,"lib":0,"data":0,"dirty":43532288},"cpu_use":0.0005036251071018416,"uids":[1000,1000,1000,1000]},{"pid":1904,"name":"indicator-power-service","memory_use":{"rss":10362880,"vms":370307072,"shared":8601600,"text":163840,"lib":0,"data":0,"dirty":35799040},"cpu_use":0.002014498927247468,"uids":[1000,1000,1000,1000]},{"pid":1909,"name":"indicator-datetime-service","memory_use":{"rss":18182144,"vms":1271701504,"shared":15454208,"text":1155072,"lib":0,"data":0,"dirty":79704064},"cpu_use":0.004700495667873887,"uids":[1000,1000,1000,1000]},{"pid":1911,"name":"indicator-keyboard-service","memory_use":{"rss":28741632,"vms":669384704,"shared":22503424,"text":135168,"lib":0,"data":0,"dirty":56897536},"cpu_use":0.005204118642876443,"uids":[1000,1000,1000,1000]},{"pid":1912,"name":"indicator-sound-service","memory_use":{"rss":12820480,"vms":767467520,"shared":11206656,"text":303104,"lib":0,"data":0,"dirty":44187648},"cpu_use":0.001007248312519165,"uids":[1000,1000,1000,1000]},{"pid":1915,"name":"indicator-printers-service","memory_use":{"rss":25653248,"vms":565178368,"shared":21385216,"text":53248,"lib":0,"data":0,"dirty":37728256},"cpu_use":0.004028992612400824,"uids":[1000,1000,1000,1000]},{"pid":1917,"name":"indicator-session-service","memory_use":{"rss":8687616,"vms":653643776,"shared":7684096,"text":368640,"lib":0,"data":0,"dirty":60862464},"cpu_use":0.0008393732671811723,"uids":[1000,1000,1000,1000]},{"pid":1920,"name":"indicator-application-service","memory_use":{"rss":13139968,"vms":412823552,"shared":11636736,"text":40960,"lib":0,"data":0,"dirty":26783744},"cpu_use":0.004196865720838114,"uids":[1000,1000,1000,1000]},{"pid":1964,"name":"colord","memory_use":{"rss":13115392,"vms":323059712,"shared":10166272,"text":286720,"lib":0,"data":0,"dirty":28356608},"cpu_use":0.0038617642164166716,"uids":[113,113,113,113]},{"pid":1965,"name":"evolution-source-registry","memory_use":{"rss":25128960,"vms":874512384,"shared":21188608,"text":94208,"lib":0,"data":0,"dirty":62537728},"cpu_use":0.0073877216748694415,"uids":[1000,1000,1000,1000]},{"pid":1969,"name":"pulseaudio","memory_use":{"rss":15704064,"vms":592949248,"shared":12378112,"text":81920,"lib":0,"data":0,"dirty":28463104},"cpu_use":0.009570456459580353,"uids":[1000,1000,1000,1000]},{"pid":1970,"name":"rtkit-daemon","memory_use":{"rss":3055616,"vms":187949056,"shared":2772992,"text":61440,"lib":0,"data":0,"dirty":17543168},"cpu_use":0.0036938597683837224,"uids":[118,118,118,118]},{"pid":1997,"name":"krfcommd","memory_use":{"rss":0,"vms":0,"shared":0,"text":0,"lib":0,"data":0,"dirty":0},"cpu_use":0,"uids":[0,0,0,0]},{"pid":2010,"name":"whoopsie","memory_use":{"rss":12939264,"vms":463060992,"shared":11190272,"text":53248,"lib":0,"data":0,"dirty":35729408},"cpu_use":0.0015113772455956174,"uids":[109,109,109,109]},{"pid":2033,"name":"agetty","memory_use":{"rss":1859584,"vms":18100224,"shared":1720320,"text":36864,"lib":0,"data":0,"dirty":376832},"cpu_use":0.000839653865461411,"uids":[0,0,0,0]},{"pid":2068,"name":"evolution-calendar-factory","memory_use":{"rss":62459904,"vms":892559360,"shared":23691264,"text":8192,"lib":0,"data":0,"dirty":88645632},"cpu_use":0.016625143235039077,"uids":[1000,1000,1000,1000]},{"pid":2084,"name":"unity-fallback-mount-helper","memory_use":{"rss":21909504,"vms":593141760,"shared":18407424,"text":36864,"lib":0,"data":0,"dirty":45813760},"cpu_use":0.0025189602703345974,"uids":[1000,1000,1000,1000]},{"pid":2091,"name":"polkit-gnome-authentication-agent-1","memory_use":{"rss":47681536,"vms":624025600,"shared":39600128,"text":40960,"lib":0,"data":0,"dirty":41435136},"cpu_use":0.026365110337352764,"uids":[1000,1000,1000,1000]},{"pid":2098,"name":"nautilus","memory_use":{"rss":80232448,"vms":1447383040,"shared":65888256,"text":1404928,"lib":0,"data":0,"dirty":91262976},"cpu_use":0.11923073028662375,"uids":[1000,1000,1000,1000]},{"pid":2110,"name":"gnome-software","memory_use":{"rss":113283072,"vms":1404665856,"shared":30195712,"text":692224,"lib":0,"data":0,"dirty":141942784},"cpu_use":0.06280603206095292,"uids":[1000,1000,1000,1000]},{"pid":2112,"name":"apache2","memory_use":{"rss":5107712,"vms":73318400,"shared":3878912,"text":634880,"lib":0,"data":0,"dirty":1482752},"cpu_use":0.006213429781653337,"uids":[0,0,0,0]},{"pid":2175,"name":"nm-applet","memory_use":{"rss":41639936,"vms":779366400,"shared":34803712,"text":274432,"lib":0,"data":0,"dirty":57196544},"cpu_use":0.016289258188210674,"uids":[1000,1000,1000,1000]},{"pid":2176,"name":"vmtoolsd","memory_use":{"rss":39079936,"vms":278667264,"shared":26267648,"text":700416,"lib":0,"data":0,"dirty":21848064},"cpu_use":0.18018938778095034,"uids":[1000,1000,1000,1000]},{"pid":2189,"name":"gvfs-udisks2-volume-monitor","memory_use":{"rss":9904128,"vms":381116416,"shared":8466432,"text":147456,"lib":0,"data":0,"dirty":35352576},"cpu_use":0.003863048539993947,"uids":[1000,1000,1000,1000]},{"pid":2222,"name":"udisksd","memory_use":{"rss":10436608,"vms":391462912,"shared":8511488,"text":339968,"lib":0,"data":0,"dirty":44269568},"cpu_use":0.002519378811531452,"uids":[0,0,0,0]},{"pid":2235,"name":"fwupd","memory_use":{"rss":36261888,"vms":525758464,"shared":12103680,"text":98304,"lib":0,"data":0,"dirty":66605056},"cpu_use":0.021666651391847355,"uids":[0,0,0,0]},{"pid":2240,"name":"gvfs-gphoto2-volume-monitor","memory_use":{"rss":6299648,"vms":280166400,"shared":5570560,"text":77824,"lib":0,"data":0,"dirty":26595328},"cpu_use":0.0008397924178458481,"uids":[1000,1000,1000,1000]},{"pid":2245,"name":"gconfd-2","memory_use":{"rss":5586944,"vms":64720896,"shared":5107712,"text":45056,"lib":0,"data":0,"dirty":675840},"cpu_use":0.0008397920288024679,"uids":[1000,1000,1000,1000]},{"pid":2253,"name":"evolution-calendar-factory-subprocess","memory_use":{"rss":51576832,"vms":1096744960,"shared":14479360,"text":8192,"lib":0,"data":0,"dirty":105312256},"cpu_use":0.0036950828824779507,"uids":[1000,1000,1000,1000]},{"pid":2256,"name":"gvfs-goa-volume-monitor","memory_use":{"rss":5038080,"vms":265662464,"shared":4661248,"text":81920,"lib":0,"data":0,"dirty":26148864},"cpu_use":0.001007749518328101,"uids":[1000,1000,1000,1000]},{"pid":2263,"name":"gvfs-afc-volume-monitor","memory_use":{"rss":9498624,"vms":415248384,"shared":8450048,"text":73728,"lib":0,"data":0,"dirty":35082240},"cpu_use":0.0005038745907681605,"uids":[1000,1000,1000,1000]},{"pid":2273,"name":"gvfs-mtp-volume-monitor","memory_use":{"rss":4685824,"vms":267673600,"shared":4280320,"text":73728,"lib":0,"data":0,"dirty":26173440},"cpu_use":0.0003359727258783638,"uids":[1000,1000,1000,1000]},{"pid":2335,"name":"evolution-calendar-factory-subprocess","memory_use":{"rss":52490240,"vms":844439552,"shared":15339520,"text":8192,"lib":0,"data":0,"dirty":113295360},"cpu_use":0.0062154937545124776,"uids":[1000,1000,1000,1000]},{"pid":2367,"name":"evolution-addressbook-factory","memory_use":{"rss":20267008,"vms":716193792,"shared":17448960,"text":8192,"lib":0,"data":0,"dirty":53350400},"cpu_use":0.002856246780232692,"uids":[1000,1000,1000,1000]},{"pid":2443,"name":"evolution-addressbook-factory-subprocess","memory_use":{"rss":23560192,"vms":795832320,"shared":18558976,"text":8192,"lib":0,"data":0,"dirty":72642560},"cpu_use":0.004368376714606136,"uids":[1000,1000,1000,1000]},{"pid":2460,"name":"fcitx-qimpanel","memory_use":{"rss":54370304,"vms":828194816,"shared":44105728,"text":225280,"lib":0,"data":0,"dirty":68595712},"cpu_use":0.021673865419192754,"uids":[1000,1000,1000,1000]},{"pid":2477,"name":"gvfsd-trash","memory_use":{"rss":9134080,"vms":374489088,"shared":8028160,"text":45056,"lib":0,"data":0,"dirty":35041280},"cpu_use":0.0005040432731215114,"uids":[1000,1000,1000,1000]},{"pid":2587,"name":"gvfsd-metadata","memory_use":{"rss":5877760,"vms":192552960,"shared":5255168,"text":69632,"lib":0,"data":0,"dirty":17743872},"cpu_use":0.0010084252775465136,"uids":[1000,1000,1000,1000]},{"pid":2650,"name":"sh","memory_use":{"rss":765952,"vms":4612096,"shared":692224,"text":147456,"lib":0,"data":0,"dirty":327680},"cpu_use":0,"uids":[1000,1000,1000,1000]},{"pid":2657,"name":"zeitgeist-daemon","memory_use":{"rss":9367552,"vms":366481408,"shared":8060928,"text":200704,"lib":0,"data":0,"dirty":43696128},"cpu_use":0.007241650766813169,"uids":[1000,1000,1000,1000]},{"pid":2665,"name":"zeitgeist-fts","memory_use":{"rss":17403904,"vms":330969088,"shared":12914688,"text":126976,"lib":0,"data":0,"dirty":30154752},"cpu_use":0.00572595544882791,"uids":[1000,1000,1000,1000]},{"pid":2666,"name":"zeitgeist-datahub","memory_use":{"rss":16945152,"vms":518451200,"shared":14663680,"text":126976,"lib":0,"data":0,"dirty":52879360},"cpu_use":0.0031997981351916476,"uids":[1000,1000,1000,1000]},{"pid":2768,"name":"update-notifier","memory_use":{"rss":33832960,"vms":636911616,"shared":28418048,"text":53248,"lib":0,"data":0,"dirty":47542272},"cpu_use":0.003732055072272266,"uids":[1000,1000,1000,1000]},{"pid":2860,"name":"deja-dup-monitor","memory_use":{"rss":9138176,"vms":529481728,"shared":8122368,"text":20480,"lib":0,"data":0,"dirty":52158464},"cpu_use":0.0006855329468352282,"uids":[1000,1000,1000,1000]},{"pid":3932,"name":"apache2","memory_use":{"rss":3809280,"vms":369405952,"shared":2248704,"text":634880,"lib":0,"data":0,"dirty":228302848},"cpu_use":0.05915720569319733,"uids":[33,33,33,33]},{"pid":3933,"name":"apache2","memory_use":{"rss":3809280,"vms":369405952,"shared":2248704,"text":634880,"lib":0,"data":0,"dirty":228302848},"cpu_use":0.05915718089854134,"uids":[33,33,33,33]},{"pid":4018,"name":"cupsd","memory_use":{"rss":7614464,"vms":97255424,"shared":6434816,"text":409600,"lib":0,"data":0,"dirty":1077248},"cpu_use":0.00017658855952043884,"uids":[0,0,0,0]},{"pid":4020,"name":"cups-browsed","memory_use":{"rss":9871360,"vms":281411584,"shared":8634368,"text":143360,"lib":0,"data":0,"dirty":18333696},"cpu_use":0.025252157805071798,"uids":[0,0,0,0]},{"pid":4021,"name":"dbus","memory_use":{"rss":5799936,"vms":83193856,"shared":5017600,"text":12288,"lib":0,"data":0,"dirty":774144},"cpu_use":0,"uids":[7,7,7,7]},{"pid":4101,"name":"update-manager","memory_use":{"rss":166256640,"vms":803078144,"shared":105000960,"text":3833856,"lib":0,"data":0,"dirty":150220800},"cpu_use":0.16968189414638304,"uids":[1000,1000,1000,1000]},{"pid":4156,"name":"kworker/1:0","memory_use":{"rss":0,"vms":0,"shared":0,"text":0,"lib":0,"data":0,"dirty":0},"cpu_use":0,"uids":[0,0,0,0]},{"pid":4203,"name":"kworker/u256:0","memory_use":{"rss":0,"vms":0,"shared":0,"text":0,"lib":0,"data":0,"dirty":0},"cpu_use":0.0229242913505521,"uids":[0,0,0,0]},{"pid":5110,"name":"kworker/1:2","memory_use":{"rss":0,"vms":0,"shared":0,"text":0,"lib":0,"data":0,"dirty":0},"cpu_use":0.05856235839481699,"uids":[0,0,0,0]},{"pid":5170,"name":"dhclient","memory_use":{"rss":3653632,"vms":16510976,"shared":2777088,"text":475136,"lib":0,"data":0,"dirty":1130496},"cpu_use":0.0030098619632888033,"uids":[0,0,0,0]},{"pid":5586,"name":"kworker/0:1","memory_use":{"rss":0,"vms":0,"shared":0,"text":0,"lib":0,"data":0,"dirty":0},"cpu_use":0.005109880817458977,"uids":[0,0,0,0]},{"pid":5632,"name":"kworker/u256:2","memory_use":{"rss":0,"vms":0,"shared":0,"text":0,"lib":0,"data":0,"dirty":0},"cpu_use":0.0449043101747468,"uids":[0,0,0,0]},{"pid":5645,"name":"kworker/0:0","memory_use":{"rss":0,"vms":0,"shared":0,"text":0,"lib":0,"data":0,"dirty":0},"cpu_use":0.028748749075204163,"uids":[0,0,0,0]},{"pid":5656,"name":"kworker/u256:1","memory_use":{"rss":0,"vms":0,"shared":0,"text":0,"lib":0,"data":0,"dirty":0},"cpu_use":0,"uids":[0,0,0,0]},{"pid":5670,"name":"/bin/sh","memory_use":{"rss":770048,"vms":4612096,"shared":700416,"text":147456,"lib":0,"data":0,"dirty":327680},"cpu_use":0.011500842857908833,"uids":[0,0,0,0]},{"pid":5676,"name":"/bin/sh","memory_use":{"rss":1675264,"vms":4612096,"shared":1544192,"text":147456,"lib":0,"data":0,"dirty":327680},"cpu_use":0.005783644485230012,"uids":[0,0,0,0]},{"pid":5691,"name":"kworker/1:1","memory_use":{"rss":0,"vms":0,"shared":0,"text":0,"lib":0,"data":0,"dirty":0},"cpu_use":0,"uids":[0,0,0,0]},{"pid":5719,"name":"kworker/1:3","memory_use":{"rss":0,"vms":0,"shared":0,"text":0,"lib":0,"data":0,"dirty":0},"cpu_use":0,"uids":[0,0,0,0]},{"pid":5744,"name":"kworker/u257:1","memory_use":{"rss":0,"vms":0,"shared":0,"text":0,"lib":0,"data":0,"dirty":0},"cpu_use":0,"uids":[0,0,0,0]},{"pid":5783,"name":"kworker/0:2","memory_use":{"rss":0,"vms":0,"shared":0,"text":0,"lib":0,"data":0,"dirty":0},"cpu_use":0,"uids":[0,0,0,0]},{"pid":5787,"name":"systemd-networkd","memory_use":{"rss":2973696,"vms":27340800,"shared":2744320,"text":819200,"lib":0,"data":0,"dirty":430080},"cpu_use":0.01156695574694916,"uids":[101,101,101,101]},{"pid":5789,"name":"kworker/u256:3","memory_use":{"rss":0,"vms":0,"shared":0,"text":0,"lib":0,"data":0,"dirty":0},"cpu_use":0.16193666221445577,"uids":[0,0,0,0]},{"pid":5791,"name":"kworker/u256:4","memory_use":{"rss":0,"vms":0,"shared":0,"text":0,"lib":0,"data":0,"dirty":0},"cpu_use":0.034700559885438687,"uids":[0,0,0,0]},{"pid":5840,"name":"apt-get","memory_use":{"rss":7602176,"vms":61657088,"shared":6651904,"text":36864,"lib":0,"data":0,"dirty":1093632},"cpu_use":0.04680863370944989,"uids":[0,0,0,0]},{"pid":5843,"name":"http","memory_use":{"rss":6356992,"vms":63107072,"shared":5812224,"text":77824,"lib":0,"data":0,"dirty":708608},"cpu_use":0,"uids":[105,105,105,105]},{"pid":5844,"name":"http","memory_use":{"rss":6119424,"vms":63107072,"shared":5574656,"text":77824,"lib":0,"data":0,"dirty":708608},"cpu_use":0.011702036620455887,"uids":[105,105,105,105]},{"pid":5972,"name":"collect","memory_use":{"rss":10227712,"vms":770580480,"shared":3309568,"text":1040384,"lib":0,"data":0,"dirty":90017792},"cpu_use":4.623222721527573,"uids":[1000,1000,1000,1000]},{"pid":5997,"name":"vnstat","memory_use":{"rss":0,"vms":0,"shared":0,"text":0,"lib":0,"data":0,"dirty":0},"cpu_use":0,"uids":[1000,1000,1000,1000]},{"pid":6003,"name":"systemctl","memory_use":{"rss":0,"vms":0,"shared":0,"text":0,"lib":0,"data":0,"dirty":0},"cpu_use":0,"uids":[1000,1000,1000,1000]},{"pid":6008,"name":"firewall-cmd","memory_use":{"rss":0,"vms":0,"shared":0,"text":0,"lib":0,"data":0,"dirty":0},"cpu_use":0.16818775260020488,"uids":[1000,1000,1000,1000]},{"pid":7293,"name":"vnstat","memory_use":{"rss":0,"vms":0,"shared":0,"text":0,"lib":0,"data":0,"dirty":0},"cpu_use":0,"uids":[1000,1000,1000,1000]},{"pid":7299,"name":"systemctl","memory_use":{"rss":0,"vms":0,"shared":0,"text":0,"lib":0,"data":0,"dirty":0},"cpu_use":0,"uids":[1000,1000,1000,1000]},{"pid":7304,"name":"firewall-cmd","memory_use":{"rss":0,"vms":0,"shared":0,"text":0,"lib":0,"data":0,"dirty":0},"cpu_use":0.1888220882878877,"uids":[1000,1000,1000,1000]},{"pid":8566,"name":"vnstat","memory_use":{"rss":0,"vms":0,"shared":0,"text":0,"lib":0,"data":0,"dirty":0},"cpu_use":0,"uids":[1000,1000,1000,1000]},{"pid":8572,"name":"systemctl","memory_use":{"rss":0,"vms":0,"shared":0,"text":0,"lib":0,"data":0,"dirty":0},"cpu_use":0,"uids":[1000,1000,1000,1000]},{"pid":8577,"name":"firewall-cmd","memory_use":{"rss":0,"vms":0,"shared":0,"text":0,"lib":0,"data":0,"dirty":0},"cpu_use":0.21293941360262655,"uids":[1000,1000,1000,1000]},{"pid":9840,"name":"vnstat","memory_use":{"rss":0,"vms":0,"shared":0,"text":0,"lib":0,"data":0,"dirty":0},"cpu_use":0,"uids":[1000,1000,1000,1000]},{"pid":9846,"name":"systemctl","memory_use":{"rss":0,"vms":0,"shared":0,"text":0,"lib":0,"data":0,"dirty":0},"cpu_use":0,"uids":[1000,1000,1000,1000]},{"pid":9851,"name":"firewall-cmd","memory_use":{"rss":0,"vms":0,"shared":0,"text":0,"lib":0,"data":0,"dirty":0},"cpu_use":0.2438168806449979,"uids":[1000,1000,1000,1000]},{"pid":11122,"name":"vnstat","memory_use":{"rss":0,"vms":0,"shared":0,"text":0,"lib":0,"data":0,"dirty":0},"cpu_use":0,"uids":[1000,1000,1000,1000]},{"pid":11128,"name":"systemctl","memory_use":{"rss":0,"vms":0,"shared":0,"text":0,"lib":0,"data":0,"dirty":0},"cpu_use":0,"uids":[1000,1000,1000,1000]},{"pid":11133,"name":"firewall-cmd","memory_use":{"rss":0,"vms":0,"shared":0,"text":0,"lib":0,"data":0,"dirty":0},"cpu_use":0.3658641023622166,"uids":[1000,1000,1000,1000]},{"pid":12397,"name":"vnstat","memory_use":{"rss":0,"vms":0,"shared":0,"text":0,"lib":0,"data":0,"dirty":0},"cpu_use":0,"uids":[1000,1000,1000,1000]},{"pid":12403,"name":"systemctl","memory_use":{"rss":0,"vms":0,"shared":0,"text":0,"lib":0,"data":0,"dirty":0},"cpu_use":0,"uids":[1000,1000,1000,1000]},{"pid":12408,"name":"firewall-cmd","memory_use":{"rss":0,"vms":0,"shared":0,"text":0,"lib":0,"data":0,"dirty":0},"cpu_use":0.9707037946798146,"uids":[1000,1000,1000,1000]},{"pid":13680,"name":"vnstat","memory_use":{"rss":0,"vms":0,"shared":0,"text":0,"lib":0,"data":0,"dirty":0},"cpu_use":0,"uids":[1000,1000,1000,1000]},{"pid":13686,"name":"systemctl","memory_use":{"rss":0,"vms":0,"shared":0,"text":0,"lib":0,"data":0,"dirty":0},"cpu_use":0.05903032084827266,"uids":[1000,1000,1000,1000]},{"pid":13691,"name":"firewall-cmd","memory_use":{"rss":0,"vms":0,"shared":0,"text":0,"lib":0,"data":0,"dirty":0},"cpu_use":1.7707284813555548,"uids":[1000,1000,1000,1000]},{"pid":14954,"name":"vnstat","memory_use":{"rss":0,"vms":0,"shared":0,"text":0,"lib":0,"data":0,"dirty":0},"cpu_use":0,"uids":[1000,1000,1000,1000]},{"pid":14960,"name":"systemctl","memory_use":{"rss":0,"vms":0,"shared":0,"text":0,"lib":0,"data":0,"dirty":0},"cpu_use":0.20226692189947443,"uids":[1000,1000,1000,1000]},{"pid":14965,"name":"firewall-cmd","memory_use":{"rss":0,"vms":0,"shared":0,"text":0,"lib":0,"data":0,"dirty":0},"cpu_use":6.875819363081301,"uids":[1000,1000,1000,1000]}]